{"cameraMode":{"drawMode":0,"name":"Shaded","section":"Shading Mode"},"sceneLighting":false,"audioPlay":false,"sceneViewState":{"m_AlwaysRefresh":false,"showFog":false,"showSkybox":false,"showFlares":false,"showImageEffects":false,"showParticleSystems":false,"showVisualEffectGraphs":true,"m_FxEnabled":true},"in2DMode":false,"pivot":{"x":18.26689338684082,"y":2.3877370357513429,"z":-135.031982421875},"rotation":{"x":0.0038772409316152336,"y":0.9949012994766235,"z":-0.09159891307353974,"w":0.04211001843214035},"size":174.49241638183595,"orthographic":false}